<?xml version="1.0" encoding="UTF-8"?>
<beans xmlns="http://www.springframework.org/schema/beans"
	xmlns:xsi="http://www.w3.org/2001/XMLSchema-instance"
	xmlns:context="http://www.springframework.org/schema/context"
	xmlns:mvc="http://www.springframework.org/schema/mvc"
	xsi:schemaLocation="http://www.springframework.org/schema/beans http://www.springframework.org/schema/beans/spring-beans.xsd
		http://www.springframework.org/schema/context http://www.springframework.org/schema/context/spring-context-4.3.xsd
		http://www.springframework.org/schema/mvc http://www.springframework.org/schema/mvc/spring-mvc-4.3.xsd">

	<!-- spring MVC annotation(주석문)을 활성화하기 위한 설정 -->
	<context:annotation-config/>
	
	<!-- viewResolver 설정 (사용자 view의 위치, 확장명 설정) -->
	 
	<bean id="viewResolver" class="org.springframework.web.servlet.view.InternalResourceViewResolver">
		<property name="prefix" value="/WEB-INF/views/"/>	<!-- 경로 -->
		<property name="suffix" value=".jsp"/>				<!-- 확장자명 -->
	</bean>

	
	<!-- tiles 설정 --> 
<!-- 	<bean id="tilesConfigurer" class="org.springframework.web.servlet.view.tiles3.TilesConfigurer">
		<property name="definitions">
			<list>
				<value>/WEB-INF/views/layouts.xml</value>
			</list>		
		</property>	
	</bean>
	
	<bean id="viewResolver" class="org.springframework.web.servlet.view.UrlBasedViewResolver">
		<property name="requestContextAttribute" value="requestContext"/>
		<property name="viewClass" value="org.springframework.web.servlet.view.tiles3.TilesView"/>
	</bean>
	 -->
	
	
	<!-- java 공통 Package 설정 -->
	<context:component-scan base-package="kh.c.five"/>
	
	<!-- 주석문의 사용 허가 -->
	<mvc:annotation-driven/>
	
	<!-- spring에서 처리할 수 없는 요청은 tomcat에 위임 -->
	<mvc:default-servlet-handler/>	
	
	<!-- upload -->
	<bean id="multipartResolver" 
		class="org.springframework.web.multipart.commons.CommonsMultipartResolver">
		<property name="maxUploadSize" value="104857600"/>
		<property name="maxInMemorySize" value="102400"/>
		<property name="defaultEncoding" value="utf-8"/>
		<property name="uploadTempDir" value="upload"/>
	</bean>
	
	
	<!-- download -->
	<!-- <bean id="downloadView" class="kh.com.c.util.DownloadView"/>	
	<bean id="downloadViewResolver" class="org.springframework.web.servlet.view.BeanNameViewResolver">
		<property name="order">
			<value>0</value>
		</property>	
	</bean> -->
	

</beans>






