<?xml version="1.0" encoding="UTF-8"?>
<!DOCTYPE mapper
  PUBLIC "-//mybatis.org//DTD Mapper 3.0//EN"
  "http://mybatis.org/dtd/mybatis-3-mapper.dtd">
  
<mapper namespace="EatMember">

<insert id="addmember" parameterType="kh.c.five.model.EatMemberDto">
	INSERT INTO EATMEMBER(SEQ, ID, PWD, NAME, EMAIL, NICKNAME, AUTH)
	VALUES(SEQ_EATMEMBER.nextval, #{id}, #{pwd}, #{name}, #{email}, #{nickname}, 3)
</insert>

<select id="getID" 
	parameterType="kh.c.five.model.EatMemberDto"
	resultType="java.lang.Integer">
	SELECT NVL(COUNT(*), 0)
	FROM EATMEMBER
	WHERE ID=#{id}
</select>

<select id="getNickName" 
	parameterType="kh.c.five.model.EatMemberDto"
	resultType="java.lang.Integer">
	SELECT NVL(COUNT(*), 0)
	FROM EATMEMBER
	WHERE NICKNAME=#{nickname}
</select>

<select id="login" parameterType="kh.c.five.model.EatMemberDto"
	resultType="kh.c.five.model.EatMemberDto">
	SELECT *
	FROM EATMEMBER
	WHERE ID=#{id} AND PWD=#{pwd}
</select>

<insert id="insertLike" parameterType="kh.c.five.model.LikeDto">
	INSERT INTO RESTAURANT_LIKES(SEQ, ID, RS_SEQ, RS_NAME)
	VALUES(LIKES_SEQ.nextval, #{id}, #{rs_seq}, #{rs_name})
</insert>

<select id="getLike" parameterType="kh.c.five.model.LikeDto" resultType="kh.c.five.model.LikeDto">
	SELECT *
	FROM RESTAURANT_LIKES
	WHERE RS_SEQ=#{rs_seq} AND ID=#{id}
</select>

</mapper>  









