<?xml version="1.0" encoding="UTF-8"?>

<!DOCTYPE mapper
  PUBLIC "-//mybatis.org//DTD Mapper 3.0//EN"
  "http://mybatis.org/dtd/mybatis-3-mapper.dtd">
  
  <mapper namespace="EatRestaurant">
  
  <insert id="InsertRS" parameterType="kh.c.five.model.RegiDto">
  	INSERT INTO EAT_RESTAURANT(SEQ,RS_NAME,RS_ADDRESS1,RS_ADDRESS2,RS_PICTURE,
  	RS_CATEGORY,RS_MENU,RS_RATING,RS_READCOUNT,RS_KEYWORD)
  		VALUES(SEQ.nextVal,#{rs_name},#{rs_address1},#{rs_address2},#{rs_picture},#{rs_category},#{rs_menu}
  		,0,0,#{rs_keyword})
  </insert>
  <insert id="InsertDetail" parameterType="kh.c.five.model.RegiDto">
  	INSERT INTO RESTAURANT_INFO(RS_SEQ,RS_NAME,RS_TIME,RS_PHONE,RS_PRICE,RS_PARKING)
  		VALUES(RS_SEQ.nextVal,#{rs_name},#{rs_time},#{rs_phone},#{rs_price},#{rs_parking})
  </insert>
  
  <select id="getList" resultType="kh.c.five.model.RegiDto">
  
  	SELECT * FROM EAT_RESTAURANT
  
  </select>
  
   <select id="getrs" resultType="kh.c.five.model.RegiDto">
  
  	SELECT * FROM EAT_RESTAURANT
  	WHERE SEQ = #{seq}
  
  </select>
  
   <select id="getrs2" resultType="kh.c.five.model.RegiDto">
  
  	SELECT * FROM RESTAURANT_INFO
  	WHERE RS_SEQ = #{seq}
  
  </select>
  
    <select id="getRankList" parameterType="kh.c.five.model.RegiDto" resultType="kh.c.five.model.RegiDto">
  	SELECT * FROM EAT_RESTAURANT WHERE RS_RATING IS NOT NULL ORDER BY RS_RATING DESC
  </select>
  
  <select parameterType="java.lang.Integer" id="SelectReview" resultType="kh.c.five.model.ReviewDto"> SELECT * FROM RESTAURANT_REVIEW WHERE RS_SEQ=#{seq} </select>
  
  <!-- restaurant readcount -->
  <update id="readcount" parameterType="java.lang.Integer">
  	UPDATE EAT_RESTAURANT SET RS_READCOUNT = RS_READCOUNT+1 WHERE SEQ=#{seq}
  </update>
  
  <!-- total number of reviews -->
  <select id="getReviewNumber" parameterType="java.lang.Integer" resultType="java.lang.Integer">
  SELECT COUNT (*) FROM RESTAURANT_REVIEW WHERE RS_SEQ=#{seq}
  
  </select>
  <!-- count of likes -->
  <select id="getLikesNumber"  parameterType="java.lang.Integer" resultType="java.lang.Integer">
  SELECT COUNT (*) FROM RESTAURANT_LIKES WHERE RS_SEQ=#{seq}
  </select>
  
   <!-- rating -->
 <update id="getRating" parameterType="java.lang.Integer">

	UPDATE EAT_RESTAURANT
	SET RS_RATING=(SELECT ROUND(AVG(RS_RATING),1) FROM RESTAURANT_REVIEW WHERE RS_SEQ=#{seq})
	WHERE SEQ=#{seq}
	
  </update>
  <!-- search -->
  
  
<select id="getSearchPagingSeq"
	parameterType="kh.c.five.model.EatParam"
	resultType="kh.c.five.model.RegiDto">
	
SELECT RNUM,SEQ
FROM(
SELECT ROWNUM AS RNUM, SEQ
FROM(SELECT SEQ
FROM EAT_RESTAURANT	 
WHERE (RS_NAME || RS_ADDRESS1 || RS_ADDRESS2 || RS_MENU || RS_KEYWORD || RS_CATEGORY) LIKE '%'||#{s_keyword}||'%'
UNION
SELECT RS_SEQ AS SEQ
FROM RESTAURANT_REVIEW 
WHERE RS_CONTENT LIKE '%'||#{s_keyword}||'%'))
WHERE RNUM BETWEEN ${start} AND ${end}	

	
		 
</select>

<select id="getSearchCount"
	parameterType="kh.c.five.model.EatParam"
	resultType="java.lang.Integer">

SELECT NVL(COUNT(SEQ), 0) AS CNT
FROM(
SELECT SEQ
FROM EAT_RESTAURANT 
WHERE 1=1
	 <if test="s_keyword != '' and s_keyword != null">	 	
	AND (RS_NAME || RS_ADDRESS1 || RS_ADDRESS2 || RS_MENU || RS_KEYWORD || RS_CATEGORY) LIKE '%'||#{s_keyword}||'%'
	 
	 </if>
UNION
SELECT RS_SEQ AS SEQ 
FROM RESTAURANT_REVIEW 
WHERE 1=1
 <if test="s_keyword != '' and s_keyword != null">	
AND RS_CONTENT LIKE '%'||#{s_keyword}||'%')
 </if>


</select>

<select id="getSearchPagingList" parameterType="kh.c.five.model.RegiDto" resultType="kh.c.five.model.RegiDto">

SELECT SEQ,RS_NAME,RS_ADDRESS1,RS_ADDRESS2,RS_PICTURE,RS_CATEGORY,RS_MENU,RS_RATING,RS_READCOUNT,RS_KEYWORD
FROM EAT_RESTAURANT 
WHERE SEQ=#{seq}



</select>

<select id="getCategoryList"
	parameterType="kh.c.five.model.EatParam"
	resultType="kh.c.five.model.RegiDto">

SELECT *
	FROM 
		(SELECT ROWNUM AS RNUM,SEQ,RS_NAME,RS_ADDRESS1,RS_ADDRESS2,RS_PICTURE,RS_CATEGORY,RS_MENU,RS_RATING,RS_READCOUNT,RS_KEYWORD
		 FROM EAT_RESTAURANT	 
		 WHERE 1=1
		 <if test="s_category != '' and s_category != null">	
		 	AND RS_CATEGORY LIKE '%'||#{s_category}||'%'
		 </if>
	) A
	WHERE RNUM BETWEEN ${start} AND ${end}		

</select>

<select id="getCategoryCount"
	parameterType="kh.c.five.model.EatParam"
	resultType="java.lang.Integer">

	SELECT NVL(COUNT(*), 0) AS CNT
	FROM EAT_RESTAURANT
	WHERE 1=1
	 <if test="s_category != '' and s_category != null">	 	
	 	AND RS_CATEGORY LIKE '%'||#{s_category}||'%'	 
	 </if>
	

</select>
  
<select id="bestlist" parameterType="kh.c.five.model.RegiDto" resultType="kh.c.five.model.RegiDto">
	SELECT * FROM EAT_RESTAURANT WHERE RS_CATEGORY=#{rs_category}  AND RS_RATING IS NOT NULL ORDER BY RS_RATING DESC
</select>  
  
<select id="Gubestlist" parameterType="kh.c.five.model.RegiDto" resultType="kh.c.five.model.RegiDto">
	SELECT * FROM EAT_RESTAURANT WHERE RS_ADDRESS1 LIKE '%'||#{rs_address1}||'%'  AND RS_RATING IS NOT NULL ORDER BY RS_RATING DESC
</select>

<select id="keywordbestlist" parameterType="kh.c.five.model.RegiDto" resultType="kh.c.five.model.RegiDto">
	SELECT * FROM EAT_RESTAURANT WHERE RS_KEYWORD LIKE '%'||#{rs_keyword}||'%'  AND RS_RATING IS NOT NULL ORDER BY RS_RATING DESC
</select>
  
  
 <!-- 가고싶다 --> 

<insert id="addwannagolist" parameterType="kh.c.five.model.wannagoDto">
	INSERT INTO RESTAURANT_LIKES(SEQ, ID, RS_SEQ, RS_NAME)
	VALUES(LIKES_SEQ.nextval, #{id}, #{rs_seq}, #{rs_name})
</insert>

<select id="getwannagolist" parameterType="String"
	resultType="kh.c.five.model.wannagoDto">
	SELECT * FROM RESTAURANT_LIKES
	WHERE ID=#{id}
</select>
  
<select id="existwannago" parameterType="kh.c.five.model.wannagoDto"
	resultType="java.lang.Integer">
	SELECT NVL(COUNT(*), 0) 
	FROM RESTAURANT_LIKES
	WHERE ID=#{id} AND RS_SEQ=#{rs_seq}
</select>  

<delete id="deletewannagolist">
	DELETE FROM RESTAURANT_LIKES
	WHERE ID=#{id} AND RS_SEQ=#{rs_seq}
</delete>
 
 <select parameterType="java.lang.Integer" id="BestReview" resultType="kh.c.five.model.ReviewDto"> 
 	
 	SELECT RS_CONTENT FROM(
	select ROWNUM AS RNUM, RS_CONTENT from RESTAURANT_REVIEW WHERE RS_SEQ = #{seq}  order BY RS_RATING DESC)
	WHERE RNUM = 1
 </select>  

 
 
 <update id="editrs" parameterType="kh.c.five.model.RegiDto">

	UPDATE EAT_RESTAURANT SET
	RS_ADDRESS1=#{rs_address1}, RS_ADDRESS2=#{rs_address2}, RS_CATEGORY=#{rs_category}, RS_MENU=#{rs_menu}, RS_READCOUNT=#{rs_readcount}, RS_KEYWORD=#{rs_keyword}    
	WHERE SEQ=#{seq}
	
</update>

<update id="editrs2" parameterType="kh.c.five.model.RegiDto">

	UPDATE RESTAURANT_INFO SET 
	RS_TIME=#{rs_time}, RS_PHONE=#{rs_phone}, RS_PRICE=#{rs_price}, RS_PARKING=#{rs_parking}
	WHERE RS_SEQ = #{seq}
	
</update>
 

  </mapper>