<?xml version="1.0" encoding="UTF-8"?>

<!DOCTYPE mapper
  PUBLIC "-//mybatis.org//DTD Mapper 3.0//EN"
  "http://mybatis.org/dtd/mybatis-3-mapper.dtd">
  
  <mapper namespace="EatReview">
  
  
 <select id="getReviewList" resultType="kh.c.five.model.EATReviewDto">
	SELECT SEQ, ID, REF, STEP, DEPTH, 
				TITLE, CONTENT, WDATE, PARENT, 
				DEL, READCOUNT
				FROM BBS
				ORDER BY REF DESC, STEP ASC
</select>
  
  <select id="getImage" parameterType="java.lang.Integer" resultType="kh.c.five.model.fileDto">
  SELECT FILE_NAME
	FROM RS_FILE 
	WHERE RV_SEQ=#{seq}
  </select>
    <select id="getImageDT" parameterType="java.lang.Integer" resultType="java.lang.String">
  SELECT FILE_NAME
	FROM RS_FILE 
	WHERE RS_SEQ=#{seq} ORDER BY RV_SEQ
  </select>
  
  
  <insert id="addReview" parameterType="kh.c.five.model.ReviewDto" >
  	INSERT INTO RESTAURANT_REVIEW(SEQ, ID, RS_SEQ, RS_CONTENT, RS_RATING)
  	VALUES(REIVEW_SEQ.NEXTVAL, #{id}, #{rs_seq}, #{rs_content}, #{rs_rating})
  	
  	<selectKey resultType="int" keyProperty="seq" order="AFTER">
  		SELECT REIVEW_SEQ.CURRVAL FROM DUAL
  	</selectKey>
  
  </insert>
  
  <insert id="addFile" parameterType="kh.c.five.model.fileDto">
  	
   INSERT INTO RS_FILE (SEQ, O_NAME, FILE_NAME, FILE_SIZE, RV_SEQ, RS_SEQ)
	VALUES(RSFILE_SEQ.NEXTVAL,#{o_name},#{file_name},#{file_size},#{seq},#{rs_seq})
  
  </insert>
  
 <select id="getreviewcount" resultType="java.lang.Integer" parameterType="java.lang.String" > SELECT COUNT(*) FROM RESTAURANT_REVIEW WHERE ID = #{id} </select>
  
  <!-- 레스토랑에 있는 리뷰 수-->
 <select id="getRvCount" parameterType="kh.c.five.model.ReviewParam" resultType="java.lang.Integer">

  SELECT COUNT(*)
	FROM RESTAURANT_REVIEW 
	WHERE RS_SEQ=#{seq}
  </select> 

  
  <!-- id별 눌러둔 좋아요 수 -->
  <select id="getLikeCountPid" parameterType="java.lang.String" resultType="java.lang.Integer">
  	SELECT COUNT(*)
  	FROM RESTAURANT_LIKES
  	WHERE ID=#{id}
  </select>
  
  <!-- 레스토랑에 찍힌 좋아요 수 -->
  <select id="getLikeCount" parameterType="kh.c.five.model.ReviewParam" resultType="java.lang.Integer">
  	SELECT COUNT(*)
  		FROM RESTAURANT_LIKES
  			WHERE RS_SEQ=#{seq}
  </select>
  
  <!-- 사진 파일과 레스토랑 번호에 맞는 리뷰 불러오기 -->
  <select id="getReviewWPic" parameterType="kh.c.five.model.fileDto" resultType="kh.c.five.model.ReviewDto">
  	SELECT *
  	FROM RESTAURANT_REVIEW
  	WHERE RS_SEQ=#{rs_seq} AND SEQ=(SELECT DISTINCT RV_SEQ 
									FROM RS_FILE 
									WHERE FILE_NAME=#{file_name})

  </select>
  <select  id="getReviewDetail" resultType="kh.c.five.model.ReviewDto" parameterType="java.lang.Integer">
  SELECT * FROM RESTAURANT_REVIEW WHERE SEQ=#{seq}
  </select>
  
  
  </mapper>